steps,time,reward,delta,converged
1,0.0016229999999985978,255.0,100.0,False
2,0.0017780000000016116,255.0,0,True
