steps,time,reward,delta,converged
1,0.01638900000000376,-9.511820578403384,0.35323076923076924,False
2,0.014446000000020831,-11.945519583129203,0.08356607495069034,False
3,0.016117000000008375,-12.642466497294663,0.016366085739813546,False
4,0.017303999999967346,-12.850226694487345,0.0046497831204686015,False
5,0.017919000000006235,-12.912733026477712,0.001355638588410188,False
6,0.01777700000002369,-12.93154179378755,0.00034921165177951435,False
7,0.015577000000007502,-12.937246843211504,9.96052763657107e-05,False
8,0.015961000000061176,-12.938981309999622,2.6628191769753617e-05,False
9,0.014908999999988737,-12.939510259720882,8.940629189727045e-06,True
