steps,time,reward,delta,converged
1,0.010995000000093569,-8.915339315840543,0.3496190476190476,False
2,0.012561000000005151,-9.955027678240668,0.04227210884353741,False
3,0.011138000000073589,-10.091492330684353,0.004096015549076775,False
4,0.01098700000000008,-10.11033314520508,0.0005419704752649378,False
5,0.014031000000045424,-10.112958861948375,6.793910963514074e-05,False
6,0.014969000000064625,-10.113324897180163,8.674795074763153e-06,True
