steps,time,reward,delta,converged
1,0.01693399999999201,-8.393333333333256,0.3466666666666666,False
2,0.016424000000029082,-8.393333333333256,0,True
