steps,time,reward,delta,converged
1,0.015174999999999272,-190.9301929778677,144.85317906638534,False
2,0.01851299999999867,471.82802602264604,26.243838900488374,False
3,0.018698000000000548,508.6579902419565,0.689491500344829,False
4,0.01857099999999967,509.2095812780487,0.2757954996411416,False
5,0.01827300000000065,509.76646503580923,0.11031709788192257,False
6,0.018485000000000085,509.83388880226596,0.04412573348387605,False
7,0.018936000000000064,509.8608563889958,0.01764917848876002,False
8,0.01856800000000014,509.87155118963335,0.00705853340096918,False
9,0.018444999999999823,509.87155118963335,2.7487790816849156e-06,True
