steps,time,reward,delta,converged
1,0.011204000000020642,-13.653113023762028,0.6733333333333333,False
2,0.010534000000006927,-14.976328461814548,0.04488888888888887,False
3,0.007080999999971027,-15.127997079115792,0.004096015549076775,False
4,0.007992999999942185,-15.146248600637747,0.0005250177229080936,False
5,0.013113999999973203,-15.148423150856763,9.61291744551139e-05,False
6,0.0070120000000315486,-15.148690201888154,1.5661990812512044e-05,False
7,0.007326999999918371,-15.148723643269108,2.4052181611701473e-06,True
