steps,time,reward,delta,converged
1,0.014774999999985994,-13.269701414049035,0.6733333333333333,False
2,0.007244000000014239,-13.883958743411439,0.022444444444444378,False
3,0.007462000000032276,-13.917709530723323,0.0010349283146773823,False
4,0.01345800000001418,-13.919656050382923,6.403220850479882e-05,False
5,0.0087189999999282,-13.919766672807349,5.735855753696839e-06,True
