steps,time,reward,delta,converged
1,0.01012300000002142,-12.913333333333279,0.6733333333333333,False
2,0.015249000000039814,-12.913333333333279,0,True
