steps,time,reward,delta,converged
1,0.014002000000004955,-14.066670652326302,0.6733333333333333,False
2,0.007825000000025284,-16.211331763075883,0.06733333333333325,False
3,0.007497999999941385,-16.597030459692128,0.009102606310013708,False
4,0.011401999999975487,-16.66985053770353,0.0018158799999999989,False
5,0.008549000000016349,-16.683519245630983,0.0005095042666666688,False
6,0.007673999999951775,-16.686141896307237,0.00012777148533333477,False
7,0.012739000000010492,-16.686652916522657,3.0292057706660103e-05,False
8,0.008364000000028682,-16.686753926042414,6.96978404747528e-06,True
