steps,time,reward,delta,converged
1,0.0014279999999970983,57.0,100.0,False
2,0.0015619999999998413,57.0,0,True
