steps,time,reward,delta,converged
1,0.04575499999999999,-8.393333333333256,0.24500000000000008,False
2,0.04503799999999991,-8.393333333333256,0,True
