steps,time,reward,delta,converged
1,0.01332600000000106,182.21217577452228,138.91043724200267,False
2,0.015681999999999974,499.509712448896,12.880529569532788,False
3,0.016572999999999283,512.0431695389805,0.03155467074618512,False
4,0.017391999999999186,512.0657922182513,0.009465970711317384,False
5,0.017450000000000188,512.0725772978165,0.002839360595091156,False
6,0.015596999999999639,512.0746110919933,0.0008513772076705894,False
7,0.01595000000000013,512.0752194966469,0.00025498101626908465,False
8,0.0185720000000007,512.0752955604846,1.4348907058092664e-06,True
