steps,time,reward,delta,converged
1,0.03357300000000052,-321.9472338711538,170.41031986684263,False
2,0.04299299999999917,2512.1342160889417,125.35816632966316,False
3,0.04094699999999918,3149.548373571878,27.725935411648123,False
4,0.04313399999999845,3211.460365628039,19.408151102835653,False
5,0.04759900000000172,3254.7987452798648,13.585702080246397,False
6,0.03445400000000021,3285.135596203168,9.50998775526175,False
7,0.04342999999999719,3306.3713770039544,6.6569877146693965,False
8,0.04439500000000152,3311.0312647338865,5.2433383359584695e-06,True
