steps,time,reward,delta,converged
1,0.021552999999999045,56.22352231660824,151.81029915929025,False
2,0.02941299999999991,950.2968185625505,47.34374850988388,False
3,0.025800000000000267,1061.1600640430115,1.5781220188364387,False
4,0.027010000000000645,1063.3299739835784,0.7890595179051161,False
5,0.02612799999999993,1064.414922973141,0.39452826604247093,False
6,0.027613999999999805,1064.9573914669454,0.19726263731718063,False
7,0.027734999999999843,1065.2286197021604,0.09862981736660004,False
8,0.027955000000002173,1065.2779331207275,2.9802322387695312e-06,True
