steps,time,reward,delta,converged
1,0.004769000000000023,255.0,125.25,False
2,0.004507000000000039,255.0,0,True
