steps,time,reward,delta,converged
1,0.02867400000000009,-12.913333333333279,0.33,False
2,0.029538999999999982,-12.913333333333279,0,True
