steps,time,reward,delta,converged
1,0.03570299999999804,-1709.2578510407789,183.78214032855865,False
2,0.04776299999999978,4818.000735607533,116.35200000000003,False
3,0.04267099999999857,5345.049386152785,132.38269292962548,False
4,0.04726399999999842,5556.861684342525,105.90614890201849,False
5,0.0598390000000002,6277.362366037196,84.72491366750972,False
6,0.06286499999999862,6468.772868584725,67.7799254643738,False
7,0.06427899999999909,6621.901253713385,54.223934882453904,False
8,0.06434899999999999,6757.7300154683935,43.379142392654046,False
9,0.0657810000000012,6757.7300154683935,6.739986702086753e-06,True
