steps,time,reward,delta,converged
1,0.0022359999999999047,57.0,125.25,False
2,0.0021279999999999077,57.0,0,True
